phone_number,name,surname
87012345678,John,Doe
87123456789,Jane,Smith
87234567890,Michael,Johnson
87345678901,Emily,Williams
87456789012,David,Brown
87567890123,Sarah,Jones
87678901234,Chris,Miller
87789012345,Amanda,Davis
87890123456,Matthew,Anderson
87901234567,Laura,Martin
88012345678,Daniel,Thompson
88123456789,Michelle,White
88234567890,Andrew,Harris
88345678901,Stephanie,Lewis
88456789012,James,Clark
88567890123,Rebecca,King
88678901234,Nathan,Scott
88789012345,Ashley,Hall
88890123456,Kimberly,Lee
88901234567,Steven,Adams
89012345678,Lauren,Hill
89123456789,Eric,Roberts
89234567890,Amy,Green
89345678901,Justin,Morris
89456789012,Amanda,Carter
89567890123,Brandon,Ross
89678901234,Kelly,Phillips
89789012345,Natalie,Murphy
89890123456,Patrick,Evans
89901234567,Christina,Cook
90012345678,Ryan,Bell
90123456789,Elizabeth,Wright
90234567890,Joshua,Mitchell
90345678901,Heather,Nelson
90456789012,Robert,Baker
90567890123,Angela,Hall
90678901234,Jonathan,Hughes
90789012345,Alexander,Parker
90890123456,Victoria,Collins
90901234567,Kevin,Johnson
91012345678,Danielle,Brooks
91123456789,Mark,Adams
91234567890,Ashley,Hernandez
91345678901,Jacob,Harrison
91456789012,Tiffany,Martinez
91567890123,Katherine,Young
91678901234,Jeremy,Flores
91789012345,Samantha,Gonzalez
91890123456,Rachel,Kelly
91901234567,Adam,Morales
92012345678,Brittany,Barnes
